{
  "model_name": "G4_drop_zenith",
  "features": [
    "ghi",
    "dni",
    "dhi",
    "temperature",
    "relative_humidity",
    "cloud_type",
    "Cloud_Cover_Ratio"
  ],
  "feature_index": [
    0,
    1,
    2,
    4,
    5,
    6,
    7
  ],
  "all_features": [
    "ghi",
    "dni",
    "dhi",
    "solar_zenith",
    "temperature",
    "relative_humidity",
    "cloud_type",
    "Cloud_Cover_Ratio"
  ],
  "w": [
    4.410700261973462,
    0.6791529157649054,
    0.35375056341558025,
    -1.3500486976777966,
    -0.7716752555153845,
    -0.074235722570803,
    -0.587789326955975
  ],
  "b": 6.529635409892917,
  "mu": [
    448.18858108986865,
    540.1630901287554,
    115.86461178306672,
    21.69382234360775,
    50.559566913772926,
    1.7937313044609182,
    0.8473016855857622
  ],
  "sigma": [
    308.791685321321,
    349.9236918626713,
    88.57203034747114,
    9.108054804280023,
    24.41914872242638,
    2.8446776904517055,
    0.2757119489368997
  ],
  "metrics": {
    "train_RMSE": 1.5515,
    "train_MAE": 1.1527,
    "train_R2": 0.8937,
    "test_RMSE": 1.6762,
    "test_MAE": 1.354,
    "test_R2": 0.792
  },
  "baselines": {
    "DA_MAE": 0.984,
    "HA4_MAE": 0.532
  }
}